pii_type,original,surrogate
ADDRESS,"11/3, 11/4 and 11/5 Village Birdewadi Chakan Taluka - Khed Pune – 410 501","413, Prakash Towers, Shivgarh – 592 057"
ADDRESS,"11/3, 11/4 and 11/5, Village Birdewadi, Chakan Taluka - Khed, Pune – 410 501, Maharashtra, India","377, Kamal Enclave, Nandan Marg, Gokhalewadi, Navrangwadi, Tarunagar, Jamnagar – 658 926, Rajasthan, India"
ADDRESS,"11/3, 11/4 and 11/5, Village Birdewadi, Chakan Taluka-Khed, Pune – 410 501, Maharashtra, India","177, Lakshmi Heights, Tulsi Lane, Navrangwadi, Anandpura, Tarunagar, Jamnagar – 739 265, Gujarat, India"
ADDRESS,"12 Buena Monte, NCL co-operative housing society, Panchvati, Pashan, Pune – 411 008, Maharashtra, India","479, Ganga Plaza, Lakshmi Road, Rajgad Colony, Kalpataru Nagar, Tarunagar, Kalyanpur – 169 441, Rajasthan, India"
ADDRESS,"163, 5th Floor, H.T.Parekh Marg Backbay Reclamation Churchgate, Mumbai – 400020","389, Ashok Heights, Kamal Road, Sundarpeth, Udaynagar – 478926"
ADDRESS,"1st Floor, L B S Marg, Vikhroli (West) Mumbai 400083, (Maharashtra), India","110, Vasant Plaza, Lakshmi Cross Road, Shantivan, Meharpur - 851930, Rajasthan, India"
ADDRESS,"201, Tower 2, Montreal Business Centre, Off Pallod Farms, Baner Pune – 411 045","435, Prakash Society, Lakshmi Marg, Chitrakoot, Rajgad Colony, Balbhadra – 497 426"
ADDRESS,"201, Tower 2, Montreal Business Centre, Off Pallod Farms, Baner, Pune – 411 045, Maharashtra, India","324, Sagar Chambers, Ganga Road, Tarunagar, Kalpataru Nagar, Jalvihar, Shivgarh – 270 629, Rajasthan, India"
ADDRESS,"602, Gopalkrupa Apartment, Bhonde colony, Prabhat Road, Erandawane, Pune – 411 004, Maharashtra, India","201, Ashok House, Indira Lane, Vidyapeeth, Chitrakoot, Gokhalewadi, Indrayani Nagar, Navsari – 155 670, Karnataka, India"
ADDRESS,"801 - 804, Wing A, Building No 3, Inspire BKC, G Block, Bandra Kurla Complex, Bandra East, Mumbai 400051, Maharashtra, India","394, Lakshmi Enclave, Hemant Road, Mohanwadi, Jalvihar, Rajgad Colony, Tarunagar, Kalpataru Nagar, Sundarpeth, Tarapur - 866215, Rajasthan, India"
ADDRESS,"A-259, JK Road, Minal Residency, Huzur, Govindpura, Bhopal – 462 023, Madhya Pradesh, India","486, Chandra Towers, Indira Avenue, Shantivan, Gokhalewadi, Indrayani Nagar, Kalyanpur – 521 652, Karnataka, India"
ADDRESS,"A29, Abhimanshree Society, Pashan Road, Pune – 411 008, Maharashtra, India","66, Vasant Apartments, Dhruv Road, Gokhalewadi, Vidyapeeth, Udaynagar – 323 650, Telangana, India"
ADDRESS,"Bandra East, Mumbai – 400 051 Maharashtra, India","5, Ganga Heights, Vasant Cross Road, Jamnagar – 680 433, Karnataka, India"
ADDRESS,"Bandra Kurla Complex, Bandra (E) Mumbai – 400 051, Maharashtra, India","449, Tulsi Chambers, Prakash Cross Road, Gokhalewadi, Shivgarh – 561 791, Rajasthan, India"
ADDRESS,"Bandra Kurla Complex, Bandra East Mumbai 400 051","178, Lakshmi Society, Kalyanpur - 588 545"
ADDRESS,"Bund Garden Road, Pune – 411 001 Maharashtra, India","181, Ratna Society, Chandra Avenue, Tarapur – 189 417, Madhya Pradesh, India"
ADDRESS,"C-101, Embassy 247, 1st Floor, L B S Marg, Vikhroli (West), Mumbai 400083, (Maharashtra), India","75, Hemant Plaza, Ganga Cross Road, Rajgad Colony, Vidyapeeth, Devgiri, Tarapur - 114130, Telangana, India"
ADDRESS,"Chartered Accountants
5th Floor, Gopal House
Opposite Harshal Hall, above HDFC Limited Karve Road, Pune – 411 038","212, Hemant Society, Jyoti Marg, Jalvihar, Vikrampur – 478 361"
ADDRESS,"Flat No. 102, Sai Complex Shaniwar Peth, Pune – 411 030 Maharashtra, India","317, Yamuna Society, Nandan Road, Jalvihar, Meharpur – 563 490, Karnataka, India"
ADDRESS,"ICICI Venture House Appasaheb Marathe Marg Prabhadevi, Mumbai – 400 025 Maharashtra, India","50, Bhagat House, Prakash Marg, Shivgarh – 311 916, Telangana, India"
ADDRESS,"ICICI Venture House, Appasaheb Marathe Marg, Prabhadevi, Mumbai 400025, Maharashtra, India","240, Ganga Society, Chandra Road, Jalvihar, Anandpura, Vikrampur - 842671, Telangana, India"
ADDRESS,"Koregaon Park, Pune – 411 001 Maharashtra, India","310, Bhagat Residency, Jyoti Cross Road, Kalyanpur – 896 336, Gujarat, India"
ADDRESS,"Next to Kanjurmarg Railway Station, Kanjurmarg (East) Mumbai – 400042, Maharashtra, India","140, Ganga Towers, Dhruv Road, Chitrakoot, Rampur – 746545, Madhya Pradesh, India"
ADDRESS,"PCNTDA Green Building Block A 1st and 2nd floor Near Akurdi Railway Station Akurdi, Pune – 411 044 Maharashtra, India","101, Vasant Plaza, Ratna Lane, Navsari – 560 050, Karnataka, India"
ADDRESS,"Plot No. 5, Chakan Industrial Area, Phase II, Village Khalumbre, Taluka Khed, Pune – 410 501, Maharashtra, India","34, Tulsi House, Lakshmi Road, Sundarpeth, Indrayani Nagar, Vikrampur – 127 331, Gujarat, India"
ADDRESS,"Plot No. F-223, Supa Parner Industrial Park, Mauje Palve Khurd, Taluka Parner, Dist – Ahmednagar, Maharashtra – 414 301","361, Nandan Heights, Yamuna Path, Devgiri, Anandpura, Sundarpeth, Vikrampur – 737 093, Rajasthan"
ADDRESS,"Plot No. J-25, Taloja Industrial Area, Village Padghe, Taluka Panvel, Raigad – 410 208, Maharashtra, India","75, Indira House, Ashok Road, Sundarpeth, Navrangwadi, Indrayani Nagar, Jamnagar – 223 317, Madhya Pradesh, India"
ADDRESS,"Pratik Bunglow, Senapati Bapat Road, behind Sahara Hotel, Shivajinagar, Model Colony, Pune – 411 016, Maharashtra, India","32, Vasant Chambers, Ashok Lane, Chitrakoot, Indrayani Nagar, Devgiri, Navsari – 541 749, Telangana, India"
ADDRESS,Pune – 410 501,"98, Vasant House, Udaynagar – 678 789"
ADDRESS,Pune – 411 001,"49, Hemant Society, Meharpur – 291 445"
ADDRESS,Pune – 411 003,"100, Prakash Apartments, Navsari – 111 399"
ADDRESS,Pune – 411 038,"267, Tulsi Residency, Tarapur – 347 898"
ADDRESS,"Pune 411 045 Maharashtra, India","71, Indira Plaza, Navsari - 529 571, Telangana, India"
ADDRESS,"Pushpakamal Apartment, Flat – 1, S. no. 245/ 104, Prabhat Road Lane no. 3, Shivaji Nagar, Deccan Gymkhana, Pune – 411 004, Maharashtra, India","176, Hemant Plaza, Meera Road, Rajgad Colony, Chitrakoot, Hirapur, Kalpataru Nagar, Balbhadra – 580 911, Rajasthan, India"
ADDRESS,"S. no. 245/ 104, Pushpakamal, Deccan Gymkhana Society, lane no. 3 Prabhat Road, opposite PYC basketball court, Deccan Gymkhana, Pune – 411 004 Maharashtra, India","213, Meera Residency, Ganga Avenue, Vidyapeeth, Devgiri, Shantivan, Jamnagar – 181 234, Gujarat, India"
ADDRESS,"S. no. 245/ 104, Pushpakamal, Deccan Gymkhana Society, lane no.
3 Prabhat Road, opposite PYC basketball court, Erandawane, Deccan Gymkhana, Pune – 411 004 Maharashtra, India","286, Tulsi Towers, Dhruv Avenue, Tarunagar, Hirapur, Navrangwadi, Jalvihar, Jamnagar – 270 722, Karnataka, India"
ADDRESS,"Senapati Bapat Marg, Lower Parel (West) Mumbai – 400 013","390, Vasant Heights, Shivgarh – 195 239"
ADDRESS,"Signature Building, Bhandarkar road Shivaji Nagar, Pune – 411 004 Maharashtra, India","483, Prakash Enclave, Bhagat Avenue, Shantivan, Shivgarh – 451 758, Rajasthan, India"
ADDRESS,"Taluka Khed, District Pune – 410 501","377, Ganga Heights, Jamnagar – 586 388"
EMAIL,anand.soni@bajajfinserv.in,pallavi.contractor@example.com
EMAIL,ashishmp@federalbank.co.in,patla@example.com
EMAIL,cherag.gyara@icicibank.com,niharika.boase@example.com
EMAIL,cs.connect@kshinternational.com,cs.connect@example.com
EMAIL,customercare@icicisecurities.com,customercare@example.com
EMAIL,customerservice.mb@nuvama.com,customerservice.mb@example.com
EMAIL,eric.bacha@hdfcbank.com,krish.manda@example.com
EMAIL,hingnetare@gmail.com,dhaliwal@example.com
EMAIL,hitesh.ramani@citi.com,zaid.padmanabhan@example.com
EMAIL,ipo@trilegal.com,ipo@example.com
EMAIL,Ipocmg@icicibank.com,ramaswamy@example.com
EMAIL,ksh.ipo@nuvama.com,kailash.ipo@example.com
EMAIL,ksh@icicisecurities.com,kailash@example.com
EMAIL,kshinternational.ipo@in.mpms.mufg.com,chopra.ipo@example.com
EMAIL,manisha.shukla@hdfcbank.com,vedika.oak@example.com
EMAIL,parag.pansare@kirtanepandit.com,gunbir.sampath@example.com
EMAIL,prakash.boricha@nuvama.com,lakshmi.baral@example.com
EMAIL,pravin.teli2@hdfcbank.com,ucchal.chakraborty@example.com
EMAIL,pro@eximbankindia.in,pro@example.com
EMAIL,rm6.ifbpune@sbi.co.in,rm6.pandey@example.com
EMAIL,sachin.gawade@hdfcbank.com,advika.sastry@example.com
EMAIL,Sarthak.malvadkar@kshinterantional.com,jeet.vohra@example.com
EMAIL,sharmila.joshi@indusind.com,mekhala.balay@example.com
EMAIL,sheetal.parab@nuvama.com,nitesh.doshi@example.com
EMAIL,siddharth.jadhav@hdfcbank.com,sneha.rama@example.com
EMAIL,tushar.gavankar@hdfcbank.com,abdul.hegde@example.com
NATIONAL_ID,00049801,38466951
NATIONAL_ID,00114193,88899121
NATIONAL_ID,00134926,82067006
NATIONAL_ID,00135070,44634548
NATIONAL_ID,01217000,12309677
NATIONAL_ID,014680,179415
NATIONAL_ID,03124510,37235989
NATIONAL_ID,05293084,68637282
NATIONAL_ID,105215W,372599P
NATIONAL_ID,10938958,90790121
NATIONAL_ID,116417W,628519Q
NATIONAL_ID,INM000011179,SES564177892
NATIONAL_ID,INM000013004,ORK366788404
NATIONAL_ID,INR000004058,TST664222072
NATIONAL_ID,INZ000166136,VXC886641213
NATIONAL_ID,L65190GJ1994PLC021012,L76966PE1983KOP108580
NATIONAL_ID,L65920MH1994PLC080618,L30136VM1999HRS365737
NATIONAL_ID,M-140388,K-596299
NATIONAL_ID,U28129PN1979PLC141032,U21086MP1992HAD368697
NATIONAL_ID,U67190MH1999PTC118368,U92422DD1988JYQ846745
NATIONAL_ID,W100057,Q166512
ORGANIZATION,Al-Ahleia Switchgear Co,Pinecrest Wealth Infrastructure
ORGANIZATION,ANNAPURNA FAMILY TRUST,Windhollow Family Trust
ORGANIZATION,Bajaj Finance Limited,Oakhurst Automation Limited
ORGANIZATION,Bhandary Metal Extrusion Private Limited,Jagdev Systems Trading Private Limited
ORGANIZATION,Bharat Bijlee Limited,Kestrelton Metals Limited
ORGANIZATION,BROAD FAMILY TRUST,Frostspire Family Trust
ORGANIZATION,CARE,Netherby
ORGANIZATION,CARE Analytics and Advisory Private Limited,Netherby Composites Logistics Insulation Private Limited
ORGANIZATION,CARE Ratings Limited,Uplandia Polymers Limited
ORGANIZATION,CG Power and Industrial Solutions Limited,Yarrowdale Advisory Composites Precision Logistics Limited
ORGANIZATION,Cindus Corporation,Vantage Corporation
ORGANIZATION,DHAULAGIRI FAMILY TRUST,Stormcrest Family Trust
ORGANIZATION,Elantas Beck India Limited,Yarrowdale Foundry Trading Limited
ORGANIZATION,Emirates Transformer & Switchgear Limited,Westhaven Power Advisory Logistics Limited
ORGANIZATION,EVEREST FAMILY TRUST,Sunmantle Family Trust
ORGANIZATION,Export-Import Bank of India,Eastmere Trading Extrusion Markets
ORGANIZATION,Federal Bank,Harita Bank
ORGANIZATION,Federal Bank Limited,Kestrelton Automation Limited
ORGANIZATION,Georgia Transformer Corporation,Kailash Wealth Corporation
ORGANIZATION,HDFC Bank,Bhaskar Bank
ORGANIZATION,HDFC Bank Limited,Fairholt Precision Limited
ORGANIZATION,Hindalco Industries Limited,Thornleigh Consulting Limited
ORGANIZATION,Hingne Tare & Associates,Devaki Projects Systems Associates
ORGANIZATION,ICICI Bank,Stonebridge Bank
ORGANIZATION,ICICI Bank Limited,Quarryhill Systems Limited
ORGANIZATION,ICICI Securities,Zephyrline Securities
ORGANIZATION,ICICI Securities Limited,Brightvale Wealth Limited
ORGANIZATION,IndusInd Bank,Chandrika Bank
ORGANIZATION,IndusInd Bank Limited,Westhaven Metals Limited
ORGANIZATION,KANCHENJUNGA FAMILY TRUST,Glasscairn Family Trust
ORGANIZATION,Kanj & Co. LLP,Ironvale Foundry Projects LLP
ORGANIZATION,Kanj and Co LLP,Netherby Winding Logistics LLP
ORGANIZATION,Kirtane & Pandit,Northmoor Capital Foundry
ORGANIZATION,Kirtane & Pandit LLP,Northmoor Capital Foundry LLP
ORGANIZATION,KSH,Kailash
ORGANIZATION,KSH Distriparks Private Limited,Stonebridge Power Private Limited
ORGANIZATION,KSH Infra Park IV Private Limited,Larkfield Infrastructure Magnetics Alloys Private Limited
ORGANIZATION,KSH Infra Park VI Private Limited,Devaki Power Financial Capital Private Limited
ORGANIZATION,KSH Integrated Logistics Private Limited,Alderwick Industrial Polymers Private Limited
ORGANIZATION,KSH INTERNATIONAL,Kailash Cables
ORGANIZATION,KSH INTERNATIONAL LIMITED,Kailash Cables Limited
ORGANIZATION,KSH International Private Limited,Bhaskar Infrastructure Private Limited
ORGANIZATION,KSH Project Management Services Private Limited,Trentwood Fabrication Industrial Engineering Private Limited
ORGANIZATION,Kushal Motors and Electricals Private Limited,Harita Conductors Systems Power Private Limited
ORGANIZATION,Link Intime India Private Limited,Lavanya Energy Renewables Private Limited
ORGANIZATION,MAKALU FAMILY TRUST,Moonscarp Family Trust
ORGANIZATION,Malabar India Fund Limited,Ekansh Analytics Winding Limited
ORGANIZATION,MUFG Intime India Private Limited,Thornleigh Magnetics Fabrication Private Limited
ORGANIZATION,Nidec Industrial Automation India Private Limited,Oakhurst Power Extrusion Winding Private Limited
ORGANIZATION,Nuvama Wealth Management Limited,Calderstone Cables Magnetics Limited
ORGANIZATION,Polycom Associates,Bhaskar Associates
ORGANIZATION,Precision Wires India Limited,Havenbrook Projects Systems Limited
ORGANIZATION,Savli Copper Products Private Limited,Aravind Energy Conductors Private Limited
ORGANIZATION,Shubhkamal Leasing and Investment Private Limited,Ishaan Capital Advisory Metals Private Limited
ORGANIZATION,State Bank of India,Ironvale Industrial Systems Energy
ORGANIZATION,Transformers & Rectifiers (India) Limited,Stonebridge Systems Fabrication Alloys Limited
ORGANIZATION,Vedanta Limited,Rivermead Limited
ORGANIZATION,Virginia Transformer Corporation,Ironvale Metals Corporation
ORGANIZATION,Waterloo Industrial Park I Private Limited,Marlowe Industrial Infrastructure Energy Private Limited
ORGANIZATION,Waterloo Industrial Park II Private Limited,Vantage Infrastructure Industrial Consulting Private Limited
ORGANIZATION,Waterloo Industrial Park III Private Limited,Rivermead Distriparks Composites Systems Private Limited
ORGANIZATION,Waterloo Industrial Park IV Private Limited,Ishaan Insulation Industrial Foundry Private Limited
ORGANIZATION,Waterloo Industrial Park IX A Private Limited,Mahadev Distriparks Alloys Conductors Foundry Private Limited
ORGANIZATION,Waterloo Industrial Park IX B Private Limited,Granthorpe Infrastructure Winding Distriparks Financial Private Limited
ORGANIZATION,Waterloo Industrial Park IX Private Limited,Ironvale Energy Cables Analytics Private Limited
ORGANIZATION,Waterloo Industrial Park V Private Limited,Aravind Insulation Distriparks Winding Private Limited
ORGANIZATION,WATERLOO INDUSTRIAL PARK VI PRIVATE LIMITED,Girish Capital Systems Financial Private Limited
ORGANIZATION,Waterloo Industrial Park VIII Private Limited,Oakhurst Distriparks Fabrication Markets Private Limited
ORGANIZATION,Waterloo Motors,Eastmere Analytics
ORGANIZATION,Waterloo Motors Private Limited,Eastmere Analytics Private Limited
PERSON,Abhijit Diwan,Oeshi Deep
PERSON,Ajay Menon,George Sachdev
PERSON,Ajay Shriram Patil,Dalbir Comar Narula
PERSON,Amod Joshi,Dakshesh Balay
PERSON,Anand Soni,Pallavi Contractor
PERSON,Ashish Mathew Pulloor,Avni Shetty Mistry
PERSON,Cherag Gyara,Niharika Boase
PERSON,Chitra Raste,Sarthak Sachdeva
PERSON,Dinesh Hirachand Munot,Tara Sane Rastogi
PERSON,Eric Bacha,Krish Manda
PERSON,Ganesh Prasad,Gauri Shan
PERSON,Gopal BO,Gaurav De
PERSON,Hitesh Ramani,Zaid Padmanabhan
PERSON,Indu Jacob,Praneel Gupta
PERSON,Jabeen Ajay Menon,Onkar Bahri Zacharia
PERSON,Jayaram N. Shetty,Umang F. Hayer
PERSON,Karunakar Bhandary,Urvashi Palla
PERSON,Karunakar Hegde,Divya Dhar
PERSON,Karunakar Hegde HUF,Yahvi Natt Gandhi
PERSON,Karunakar N. Bhandary,Vedika T. Keer
PERSON,Katyayani Balasubramanian,Tarak Parsa
PERSON,Kishan Rastogi,Janaki Dara
PERSON,Kushal Electricals,Frado Kadakia
PERSON,Kushal Hegde,Samar Barad
PERSON,KUSHAL SUBBAYYA HEGDE,Samar Sami Barad
PERSON,Lalit Muljibhai Sarvaiya,Amaira Sha Raja
PERSON,Lokesh Shah,Janaki Sawhney
PERSON,Maithili Rajesh Hegde,Panini Dalal Warrior
PERSON,Manisha Shukla,Vedika Oak
PERSON,Narayana B. Shetty,Meghana X. Sridhar
PERSON,Narayna B. Shetty,Arjun G. Contractor
PERSON,Parag Pansare,Gunbir Sampath
PERSON,Prakash Boricha,Lakshmi Baral
PERSON,Pravin Teli,Ucchal Kamdar
PERSON,Pushpa Hegde,Atharv Deshmukh
PERSON,PUSHPA KUSHAL HEGDE,Atharv Agarwal Deshmukh
PERSON,Rajesh Hegde,Noah Palla
PERSON,RAJESH KUSHAL HEGDE,Noah Deep Palla
PERSON,RAKHI GIRIJA SHETTY,Chanakya Deep Ramaswamy
PERSON,Ram Kumar Tiwari,Benjamin Randhawa Verma
PERSON,Rm Ifbpune,Chaman Pandey
PERSON,Rohit Hegde,Kamya Varty
PERSON,ROHIT KUSHAL HEGDE,Kamya Nair Varty
PERSON,Rupal K. Sancheti,Banjeet I. Parmer
PERSON,Sachin Gawade,Advika Sastry
PERSON,Salil Ajay Bhargava,Raksha Basu Bhatnagar
PERSON,Sancheti,Parmer
PERSON,Sandesh Bhagwat,Jagrati Agarwal
PERSON,Sangeeta Ramprasad Rai,Samarth Mander Aggarwal
PERSON,Sarthak Malvadkar,Jeet Vohra
PERSON,Shanti Gopalkrishnan,Balveer Suresh
PERSON,Sharmila Joshi,Mekhala Sibal
PERSON,Sheetal Parab,Nitesh Doshi
PERSON,Siddharth Jadhav,Sneha Rama
PERSON,Soumavo Sarkar,Darpan Narayanan
PERSON,Sunil	Nagayya Shetty,Ronith Soni Jha
PERSON,Tushar Gavankar,Abdul Hegde
PERSON,Tushar Wakhele,Udyati Mital
PERSON,Varun Badai,Andrew Nagy
PHONE,+ 91 (20) 6729 5100,+ 91 (37) 4081 8751
PHONE,+ 91 20 4505 3237,+ 91 58 6037 1919
PHONE,+ 91 20 45053237,+ 91 54 70310756
PHONE,+ 91 20 6729 5100,+ 91 62 0031 8528
PHONE,+ 91 22 4009 4400,+ 91 22 2219 9050
PHONE,+ 91 8879770456,+ 91 9124316374
PHONE,+ 91 91586 40360,+ 91 31198 32017
PHONE,+91 20 2561 8211,+91 51 9336 2464
PHONE,+91 20 2640 3100,+91 38 7063 5251
PHONE,+91 20 6606 4494,+91 79 7228 2456
PHONE,+91 20 6769 4648,+91 93 6592 0109
PHONE,+91 20 7157 6403,+91 95 6122 0207
PHONE,+91 22 30752914,+91 93 87102754
PHONE,+91 22 30752928,+91 49 33905239
PHONE,+91 22 30752929,+91 91 05572288
PHONE,+91 22 4009 4400,+91 92 4998 4022
PHONE,+91 22 40094400,+91 86 12873405
PHONE,+91 22 4079 1000,+91 61 2521 1766
PHONE,+91 22 6807 7100,+91 45 2456 6350
PHONE,+91 81081 14949,+91 96185 43063
PHONE,+91-20-26234000,+91-35-87717072
PHONE,022-68052182,321-11391381
URL,http://commercialbanking.citibank.com,http://westhaven.example
URL,https://kshinternational.com/investor-relations/industry-report/,https://kailash.example/investor-relations/industry-report/
URL,www.bajajfinance.com,www.oakhurst.example
URL,www.eximbankindia.in/,www.ishaan.example/
URL,www.fbil.org.in. and,www.girish.example
URL,www.federalbank.co.in,www.harita.example
URL,www.hdfcbank.com,www.bhaskar.example
URL,www.icicibank.com,www.stonebridge.example
URL,www.icicisecurities.com,www.zephyrline.example
URL,www.in.mpms.mufg.com,www.chandrika.example
URL,www.indusind.com/,www.chandrika.example/
URL,www.kshinternational. com,www.kailash.example
URL,www.kshinternational.com,www.kailash.example
URL,www.nuvama.com,www.calderstone.example
URL,www.sbi.co.in,www.westhaven.example
